Datetime,Symbol,ISIN,Reference exchange,Venue,Quantity,Price,Value EUR,AutoFX Fee,Fees EUR,Total EUR,Order ID
2025-10-10 21:31:00,ADOBE INC,US00724F1012,NDQ,ARCX,-2.00,337.70,581.59,-1.45,-2.00,579.59,2399e3c1-7b50-4f2c-8055-fd999183fe39
2025-10-14 15:58:00,ADOBE INC,US00724F1012,NDQ,CDED,4.00,335.27,-1158.42,-2.90,-2.00,-1160.42,884824c3-045e-422a-a913-19d165764712
2025-11-12 18:51:00,ADOBE INC,US00724F1012,NDQ,XNAS,-5.00,337.10,1454.03,-3.64,-2.00,1452.03,
2025-11-05 14:53:00,ADR ON BANCO BILBAO VIZCAYA ARGENTARIA SA,US05946K1016,FRA,FRAB,100.00,17.50,-1750.00,0.00,-6.00,-1756.00,
2025-11-11 10:00:00,ADR ON BANCO BILBAO VIZCAYA ARGENTARIA SA,US05946K1016,FRA,FRAB,-100.00,18.20,1820.00,0.00,-6.00,1814.00,
2025-11-04 18:03:00,ADR ON CANAAN INC,US1347481020,NDQ,EDGA,-285.00,1.16,287.73,-0.72,-2.00,285.73,
2025-02-07 18:07:00,ADR ON LI AUTO INC,US50202M1027,NDQ,BATS,-5.00,26.16,126.50,-0.32,-2.00,124.50,b96659ce-0a47-4238-9bd4-a26d5743e859
2025-02-25 15:37:00,ADR ON LI AUTO INC,US50202M1027,NDQ,CDED,-45.00,29.84,1278.77,-3.20,-2.00,1276.77,a46bbdd7-470b-4bc3-bb8b-4a63915098d5
2025-05-12 16:52:00,ADVANCED MICRO DEVICES INC,US0079031078,NDQ,ARCX,6.00,107.50,-580.35,-1.45,-2.00,-582.35,85b2b159-7cfb-43be-ab65-437bd5dc3833
2025-07-17 16:01:00,ADVANCED MICRO DEVICES INC,US0079031078,NDQ,XNAS,-17.00,160.90,2361.08,-5.90,-2.00,2359.08,65684697-0442-4ffb-bf87-b2c72d638fa0
2025-11-14 11:20:00,AIRBUS SE,NL0000235190,XET,XETA,8.00,204.40,-1635.20,0.00,-4.90,-1640.10,
2025-04-25 15:34:00,ALPHABET INC CLASS A,US02079K3059,NDQ,EDGX,7.00,165.30,-1020.83,-2.55,-2.00,-1022.83,b9b98617-a61c-4b13-96c3-46b62038486e
2025-05-14 17:44:00,ALPHABET INC CLASS A,US02079K3059,NDQ,ARCX,-7.00,165.30,1032.95,-2.58,-2.00,1030.95,7e7ce6e2-c82e-4417-96a4-005590368f72
2025-07-21 17:57:00,ALPHABET INC CLASS A,US02079K3059,NDQ,XNAS,10.00,188.50,-1610.71,-4.03,-2.00,-1612.71,044e8543-78a4-4ba8-ae37-6e63cd68f074
2025-08-08 17:03:00,ALPHABET INC CLASS A,US02079K3059,NDQ,XNYS,-10.00,202.00,1733.17,-4.33,-2.00,1731.17,eaf08520-f2b4-4ba3-bc89-5ec1a1105022
2025-04-03 19:18:00,AMAZON.COM INC,US0231351067,NDQ,XNAS,10.00,181.50,-1645.08,-4.11,-2.00,-1647.08,44f3279b-f704-443a-910b-d3d5e4745844
2025-04-04 19:26:00,AMAZON.COM INC,US0231351067,NDQ,ARCX,-10.00,175.00,1600.81,-4.00,-2.00,1598.81,d7bc6302-d568-4154-829a-861e66db9b2a
2025-05-02 15:30:00,AMAZON.COM INC,US0231351067,NDQ,XNAS,10.00,190.00,-1674.02,-4.19,-2.00,-1676.02,4301f8f8-67a9-4a04-aabd-5ca350937dad
2025-05-22 15:53:00,AMAZON.COM INC,US0231351067,NDQ,BATS,-10.00,202.50,1794.11,-4.49,-2.00,1792.11,27aa2659-ebb0-4a64-afe3-ceb88f402885
2025-09-09 10:03:00,AP MOELLER - MAERSK A/S CLASS B,DK0010244508,OMK,XCSE,-1.00,13600.00,1821.21,-4.55,-4.90,1816.31,3e0d1cd7-a79f-47aa-9810-52ac1170d045
2025-09-09 16:16:00,AP MOELLER - MAERSK A/S CLASS B,DK0010244508,OMK,XCSE,1.00,13280.00,-1779.00,-4.45,-4.90,-1783.90,56cd7224-b500-4cd1-8a66-98f4f24083b5
2025-09-12 14:56:00,AP MOELLER - MAERSK A/S CLASS B,DK0010244508,OMK,XCSE,-1.00,13400.00,1795.20,-4.49,-4.90,1790.30,7ee8fc71-0b69-435e-9cb8-99eaddecd775
2025-09-19 09:12:00,AP MOELLER - MAERSK A/S CLASS B,DK0010244508,OMK,EUCC,1.00,13355.00,-1789.24,-4.47,-4.90,-1794.14,730dd144-30a5-4f40-8add-b395ccdd54c4
2025-10-10 09:23:00,AP MOELLER - MAERSK A/S CLASS B,DK0010244508,OMK,XCSE,-1.00,12150.00,1627.19,-4.07,-4.90,1622.29,7a1db2ca-2abd-4687-ac0d-8cfeccba0719
2025-01-23 15:53:00,APPLE INC,US0378331005,NDQ,CDED,8.00,225.26,-1731.45,-4.33,-2.00,-1733.45,e4c962c7-3f3d-4366-95bc-7d6fe55fd310
2025-04-03 17:43:00,APPLE INC,US0378331005,NDQ,ARCX,-8.00,206.00,1491.95,-3.73,-2.00,1489.95,8ce0b31a-27a2-470c-a120-f7ea12e8a52a
2025-08-29 03:21:00,AUSTAL LTD,AU000000ASB3,ASX,ASXT,4.00,7.79,-17.44,-0.04,,-17.44,d0d95892-da73-4ca9-8cb8-131f093781ac
2025-08-29 03:21:00,AUSTAL LTD,AU000000ASB3,ASX,ASXT,90.00,7.79,-392.47,-0.98,,-392.47,d0d95892-da73-4ca9-8cb8-131f093781ac
2025-08-29 03:21:00,AUSTAL LTD,AU000000ASB3,ASX,ASXT,2.00,7.79,-8.72,-0.02,,-8.72,d0d95892-da73-4ca9-8cb8-131f093781ac
2025-08-29 03:21:00,AUSTAL LTD,AU000000ASB3,ASX,ASXT,1.00,7.79,-4.36,-0.01,,-4.36,d0d95892-da73-4ca9-8cb8-131f093781ac
2025-08-29 03:21:00,AUSTAL LTD,AU000000ASB3,ASX,ASXT,3.00,7.79,-13.08,-0.03,-6.00,-19.08,d0d95892-da73-4ca9-8cb8-131f093781ac
2025-09-09 01:59:00,AUSTAL LTD,AU000000ASB3,ASX,ASXT,-100.00,8.54,478.78,-1.20,-6.00,472.78,385878c8-6782-4f2f-8f1e-c9677b0a2753
2025-02-19 18:29:00,BAE SYSTEMS PLC,GB0002634946,TDG,XGAT,-120.00,16.70,2004.00,0.00,-3.90,2000.10,6298f74d-cd67-4eca-9b49-3baf0a8f609b
2025-02-25 14:44:00,BAE SYSTEMS PLC,GB0002634946,XET,XETB,69.00,16.47,-1136.43,0.00,,-1136.43,5a045fd0-c6bf-48f9-82c5-18e94d2b064a
2025-02-25 14:44:00,BAE SYSTEMS PLC,GB0002634946,XET,XETB,21.00,16.47,-345.87,0.00,-4.90,-350.77,5a045fd0-c6bf-48f9-82c5-18e94d2b064a
2025-03-03 10:10:00,BAE SYSTEMS PLC,GB0002634946,XET,XETB,-90.00,19.74,1776.60,0.00,-4.90,1771.70,9ef27835-07d9-4dad-97a4-0a00af2298be
2025-06-25 10:50:00,BYD CO LTD,CNE100000296,TDG,XGAT,70.00,14.34,-1003.45,0.00,-3.90,-1007.35,d8ff2a85-2a16-4c08-a64a-66649afac436
2025-06-26 11:13:00,BYD CO LTD,CNE100000296,TDG,XGAT,-70.00,13.73,961.10,0.00,-3.90,957.20,4996d5c5-6126-41f1-9199-c0d793e8a2a5
2025-02-05 09:07:00,CIVITAS RES INC WT EXP CL A,US17888H1115,OTC,,-11.00,0.00,0.00,0.00,,0.00,
2025-05-15 21:02:00,DECKERS OUTDOOR CORP,US2435371073,NSY,BATS,10.00,126.90,-1135.58,-2.84,-2.00,-1137.58,6b43b515-c288-4bbd-8da7-f4f77b56bec1
2025-11-04 17:50:00,DECKERS OUTDOOR CORP,US2435371073,NSY,CDED,-10.00,79.30,690.13,-1.73,-2.00,688.13,
2025-03-05 11:39:00,DRONESHIELD LTD,AU000000DRO2,TDG,XGAT,2000.00,0.47,-930.00,0.00,-3.90,-933.90,6ec8759e-5226-4e9f-b8fb-59d18023fd32
2025-03-13 10:08:00,DRONESHIELD LTD,AU000000DRO2,TDG,XGAT,-2000.00,0.58,1152.00,0.00,-3.90,1148.10,7e1fb3b9-b6a4-4e2b-87df-f88a21ff804b
2025-03-28 12:03:00,DRONESHIELD LTD,AU000000DRO2,TDG,XGAT,2000.00,0.55,-1104.00,0.00,-3.90,-1107.90,67525cde-411c-4147-9cfa-31e4efad18da
2025-04-10 09:10:00,DRONESHIELD LTD,AU000000DRO2,TDG,XGAT,1100.00,0.54,-588.50,0.00,-3.90,-592.40,50cccce5-4c7b-46d5-a257-138ab07481a9
2025-04-24 20:09:00,DRONESHIELD LTD,AU000000DRO2,TDG,XGAT,-3100.00,0.69,2123.50,0.00,-3.90,2119.60,9fe8b659-408a-4212-aa60-c5576a0e500e
2025-07-15 15:14:00,DRONESHIELD LTD,AU000000DRO2,TDG,XGAT,200.00,2.23,-447.00,0.00,-3.90,-450.90,7437aa0f-cb5f-480f-b228-b0abde6c8cd7
2025-07-25 11:03:00,DRONESHIELD LTD,AU000000DRO2,TDG,XGAT,-200.00,1.60,320.00,0.00,-3.90,316.10,36fcab83-7f95-468c-81e7-224ee5d6230c
2025-11-17 11:18:00,DRONESHIELD LTD,AU000000DRO2,TDG,XGAT,220.00,1.57,-344.52,0.00,-3.90,-348.42,
2025-09-16 16:40:00,ELECTRA BATTERY MATERIALS CORPORATION,CA28474P7065,NDQ,ARCX,100.00,1.04,-87.82,-0.22,,-87.82,a1ed9625-32a3-4655-b136-cbe07ba59283
2025-09-16 16:40:00,ELECTRA BATTERY MATERIALS CORPORATION,CA28474P7065,NDQ,ARCX,100.00,1.04,-87.82,-0.22,,-87.82,a1ed9625-32a3-4655-b136-cbe07ba59283
2025-09-16 16:40:00,ELECTRA BATTERY MATERIALS CORPORATION,CA28474P7065,NDQ,ARCX,700.00,1.04,-614.71,-1.54,,-614.71,a1ed9625-32a3-4655-b136-cbe07ba59283
2025-09-16 16:40:00,ELECTRA BATTERY MATERIALS CORPORATION,CA28474P7065,NDQ,ARCX,100.00,1.04,-87.82,-0.22,-2.00,-89.82,a1ed9625-32a3-4655-b136-cbe07ba59283
2025-10-07 21:25:00,ELECTRA BATTERY MATERIALS CORPORATION,CA28474P7065,NDQ,ARCX,-176.00,1.59,240.19,-0.60,,240.19,a9b2b227-5032-4b99-a5e0-f3a62978e2fe
2025-10-07 21:25:00,ELECTRA BATTERY MATERIALS CORPORATION,CA28474P7065,NDQ,ARCX,-100.00,1.59,136.47,-0.34,,136.47,a9b2b227-5032-4b99-a5e0-f3a62978e2fe
2025-10-07 21:25:00,ELECTRA BATTERY MATERIALS CORPORATION,CA28474P7065,NDQ,ARCX,-93.00,1.59,126.92,-0.32,,126.92,a9b2b227-5032-4b99-a5e0-f3a62978e2fe
2025-10-07 21:25:00,ELECTRA BATTERY MATERIALS CORPORATION,CA28474P7065,NDQ,ARCX,-7.00,1.59,9.55,-0.02,,9.55,a9b2b227-5032-4b99-a5e0-f3a62978e2fe
2025-10-07 21:25:00,ELECTRA BATTERY MATERIALS CORPORATION,CA28474P7065,NDQ,ARCX,-123.00,1.59,167.86,-0.42,,167.86,a9b2b227-5032-4b99-a5e0-f3a62978e2fe
2025-10-07 21:25:00,ELECTRA BATTERY MATERIALS CORPORATION,CA28474P7065,NDQ,ARCX,-100.00,1.59,136.47,-0.34,,136.47,a9b2b227-5032-4b99-a5e0-f3a62978e2fe
2025-10-07 21:25:00,ELECTRA BATTERY MATERIALS CORPORATION,CA28474P7065,NDQ,ARCX,-201.00,1.59,274.30,-0.69,,274.30,a9b2b227-5032-4b99-a5e0-f3a62978e2fe
2025-10-07 21:25:00,ELECTRA BATTERY MATERIALS CORPORATION,CA28474P7065,NDQ,ARCX,-100.00,1.59,136.47,-0.34,,136.47,a9b2b227-5032-4b99-a5e0-f3a62978e2fe
2025-10-07 21:25:00,ELECTRA BATTERY MATERIALS CORPORATION,CA28474P7065,NDQ,ARCX,-100.00,1.59,136.47,-0.34,-2.00,134.47,a9b2b227-5032-4b99-a5e0-f3a62978e2fe
2025-10-09 15:48:00,ELECTRA BATTERY MATERIALS CORPORATION,CA28474P7065,NDQ,ARCX,100.00,1.90,-163.85,-0.41,,-163.85,dc9dfb43-b313-41ae-a9c0-55a1ab1eb969
2025-10-09 15:48:00,ELECTRA BATTERY MATERIALS CORPORATION,CA28474P7065,NDQ,ARCX,200.00,1.90,-327.70,-0.82,,-327.70,dc9dfb43-b313-41ae-a9c0-55a1ab1eb969
2025-10-09 15:48:00,ELECTRA BATTERY MATERIALS CORPORATION,CA28474P7065,NDQ,ARCX,100.00,1.90,-163.85,-0.41,,-163.85,dc9dfb43-b313-41ae-a9c0-55a1ab1eb969
2025-10-09 15:48:00,ELECTRA BATTERY MATERIALS CORPORATION,CA28474P7065,NDQ,ARCX,100.00,1.90,-163.85,-0.41,-2.00,-165.85,dc9dfb43-b313-41ae-a9c0-55a1ab1eb969
2025-10-13 16:53:00,ELECTRA BATTERY MATERIALS CORPORATION,CA28474P7065,NDQ,JNST,-500.00,4.92,2127.62,-5.32,-2.00,2125.62,29e96e0d-a36b-4405-bd15-98dc270556cf
2025-10-14 15:45:00,ELECTRA BATTERY MATERIALS CORPORATION,CA28474P7065,NDQ,CDED,70.00,5.39,-325.88,-0.81,,-325.88,237a7a47-6cb8-41d1-a7a4-8c542e7e6688
2025-10-14 15:45:00,ELECTRA BATTERY MATERIALS CORPORATION,CA28474P7065,NDQ,CDED,50.00,5.39,-232.77,-0.58,-2.00,-234.77,237a7a47-6cb8-41d1-a7a4-8c542e7e6688
2025-01-23 12:31:00,INVISIO AB,SE0001200015,OMX,MESI,-30.00,329.00,860.40,-2.15,,860.40,dcdeec08-c992-4175-ab33-a98e07eb4ff3
2025-01-23 12:31:00,INVISIO AB,SE0001200015,OMX,XSTO,-30.00,329.00,860.40,-2.15,-4.90,855.50,dcdeec08-c992-4175-ab33-a98e07eb4ff3
2025-08-29 03:17:00,JINDALEE LITHIUM LTD,AU0000309577,ASX,ASXT,500.00,0.40,-112.00,-0.28,-6.00,-118.00,1643f29f-0552-48ee-af63-878b1e0da833
2025-09-09 01:59:00,JINDALEE LITHIUM LTD,AU0000309577,ASX,ASXT,-500.00,0.58,162.58,-0.41,-6.00,156.58,41c54fb3-256a-47b2-9eeb-e24ef0688eca
2025-03-03 10:32:00,LEONARDO SPA,IT0003856405,MIL,MTAA,40.00,43.10,-1724.00,0.00,-4.90,-1728.90,9b7ab5a1-03c7-486c-848d-e93e06387619
2025-03-14 11:04:00,LEONARDO SPA,IT0003856405,MIL,MTAA,-40.00,45.90,1836.00,0.00,-4.90,1831.10,18f68ebc-bedd-458d-9c17-f7c8aee0b39b
2025-08-01 15:05:00,MELROSE INDUSTRIES PLC,GB00BNGDN821,LSE,MESI,67.00,537.60,-414.30,-1.04,,-414.30,f5f75e2c-ee74-4161-9275-93776f2393a9
2025-08-01 15:05:00,MELROSE INDUSTRIES PLC,GB00BNGDN821,LSE,XLON,68.00,537.60,-420.48,-1.05,-4.90,-425.38,f5f75e2c-ee74-4161-9275-93776f2393a9
2025-08-20 15:20:00,MELROSE INDUSTRIES PLC,GB00BNGDN821,LSE,XLON,-135.00,586.00,914.15,-2.29,-4.90,909.25,d0d0db2a-a92c-4de1-9ccf-7badfd8fcbe7
2025-10-15 15:50:00,META PLATFORMS INC CLASS A,US30303M1027,NDQ,CDED,2.00,716.33,-1232.08,-3.08,-2.00,-1234.08,b7589906-6ea7-4c1b-961e-e59932ee7b95
2025-11-11 15:59:00,META PLATFORMS INC CLASS A,US30303M1027,NDQ,ARCX,3.00,626.00,-1618.98,-4.05,-2.00,-1620.98,
2025-04-29 16:56:00,MICROSOFT CORP,US5949181045,NDQ,ARCX,-5.00,394.40,1732.72,-4.33,-2.00,1730.72,a46e8e7d-0759-4888-a1a5-cce1a8c4eab7
2025-05-22 15:56:00,MICROSOFT CORP,US5949181045,NDQ,BATS,-5.00,458.00,2028.90,-5.07,-2.00,2026.90,ca67ea18-57b0-4888-bf0e-d0cfb138139c
2025-05-23 13:50:00,MODERNA INC,US60770K1079,TDG,XGAT,50.00,23.60,-1180.00,0.00,-3.90,-1183.90,89549f7b-cb3f-4473-98bf-654d627f6963
2025-07-18 11:49:00,MODERNA INC,US60770K1079,TDG,XGAT,-50.00,27.96,1398.00,0.00,-3.90,1394.10,b9f8f3fc-a66f-40aa-81e3-13c043d94e0b
2025-07-18 15:30:00,MODERNA INC,US60770K1079,NDQ,XNAS,60.00,32.30,-1661.68,-4.15,-2.00,-1663.68,6acc1e77-15ba-4d21-bbce-5fe63d53c196
2025-03-14 17:25:00,NETFLIX INC,US64110L1061,NDQ,XNAS,2.00,914.20,-1680.68,-4.20,-2.00,-1682.68,98d5e644-456d-4cdb-94a1-17f09caa7c94
2025-04-03 17:19:00,NETFLIX INC,US64110L1061,NDQ,BATS,-2.00,923.00,1665.62,-4.16,-2.00,1663.62,96b3fbb3-2390-4d5e-8ad2-b111480bd951
2025-01-24 10:53:00,NORWEGIAN AIR SHUTTLE ASA,NO0010196140,OSL,MESI,120.00,10.70,-109.16,-0.27,,-109.16,49250055-e5bd-4cfc-b29b-5792ca1f0e32
2025-01-24 10:53:00,NORWEGIAN AIR SHUTTLE ASA,NO0010196140,OSL,XOSL,120.00,10.70,-109.16,-0.27,-4.90,-114.06,49250055-e5bd-4cfc-b29b-5792ca1f0e32
2025-02-25 13:08:00,NORWEGIAN AIR SHUTTLE ASA,NO0010196140,OSL,XOSL,-1440.00,11.20,1382.84,-3.46,-4.90,1377.94,a8c5b79e-3037-435f-9f57-b15e98ad1372
2025-04-25 11:45:00,NORWEGIAN CRUISE LINE HOLDINGS LTD,BMG667211046,TDG,XGAT,65.00,15.28,-993.20,0.00,-3.90,-997.10,cec1743a-3c5e-4684-aaf6-16e9b673ca05
2025-05-15 14:39:00,NORWEGIAN CRUISE LINE HOLDINGS LTD,BMG667211046,TDG,XGAT,-65.00,17.32,1125.80,0.00,-3.90,1121.90,fa7f1587-812a-4001-9933-ee5ec840fb2b
2025-05-20 15:48:00,NORWEGIAN CRUISE LINE HOLDINGS LTD,BMG667211046,TDG,XGAT,35.00,16.24,-568.40,0.00,-3.90,-572.30,4d50826a-9b78-4dd9-b011-b8a5641aeee6
2025-07-25 17:37:00,NORWEGIAN CRUISE LINE HOLDINGS LTD,BMG667211046,TDG,XGAT,-35.00,19.97,698.95,0.00,-3.90,695.05,afcfccac-4915-4c91-8262-e2225f1d63b5
2025-11-05 15:04:00,NORWEGIAN CRUISE LINE HOLDINGS LTD,BMG667211046,TDG,XGAT,49.00,16.70,-818.10,0.00,-3.90,-822.00,
2025-05-26 10:01:00,NOVO NORDISK A/S CLASS B,DK0062498333,OMK,EUCC,13.00,454.80,-792.63,-1.98,-4.90,-797.53,f2c7fd3b-a918-4a37-bac2-de0e816153d5
2025-07-22 09:10:00,NOVO NORDISK A/S CLASS B,DK0062498333,OMK,XCSE,8.00,415.00,-444.73,-1.11,-4.90,-449.63,7aab5abe-c15b-4a38-bd52-74a0607df6ba
2025-08-01 12:03:00,NOVO NORDISK A/S CLASS B,DK0062498333,OMK,XCSE,-21.00,304.00,855.46,-2.14,-4.90,850.56,21df3559-36cf-4aca-8aa4-46d42273701c
2025-08-18 09:34:00,NOVO NORDISK A/S CLASS B,DK0062498333,OMK,MESI,20.00,338.60,-907.33,-2.27,,-907.33,2d378fb4-d558-4fa4-8a2c-5d268c835024
2025-08-18 09:34:00,NOVO NORDISK A/S CLASS B,DK0062498333,OMK,XCSE,20.00,338.60,-907.33,-2.27,-4.90,-912.23,2d378fb4-d558-4fa4-8a2c-5d268c835024
2025-09-18 13:15:00,NOVO NORDISK A/S CLASS B,DK0062498333,OMK,XCSE,-40.00,392.00,2100.59,-5.25,-4.90,2095.69,e0de5887-8d1e-4cca-b9cf-e1ce1a550806
2025-09-19 10:32:00,NOVO NORDISK A/S CLASS B,DK0062498333,OMK,XCSE,16.00,395.50,-847.81,-2.12,-4.90,-852.71,b3eb1254-a850-4c87-9f17-ba7cc1a5187b
2025-10-14 13:10:00,NOVO NORDISK A/S CLASS B,DK0062498333,OMK,MESI,-8.00,364.00,389.91,-0.97,,389.91,9cacf920-52ae-47c8-86c1-448e7895afbd
2025-10-14 13:10:00,NOVO NORDISK A/S CLASS B,DK0062498333,OMK,XCSE,-8.00,364.00,389.91,-0.97,-4.90,385.01,9cacf920-52ae-47c8-86c1-448e7895afbd
2025-10-20 13:01:00,NOVO NORDISK A/S CLASS B,DK0062498333,OMK,MESI,15.00,354.50,-712.00,-1.78,,-712.00,ecad134a-4bdf-4c69-be3e-4020f6df691b
2025-10-20 13:01:00,NOVO NORDISK A/S CLASS B,DK0062498333,OMK,XCSE,15.00,354.50,-712.00,-1.78,-4.90,-716.90,ecad134a-4bdf-4c69-be3e-4020f6df691b
2025-11-11 10:44:00,NOVO NORDISK A/S CLASS B,DK0062498333,OMK,XCSE,-30.00,302.40,1214.81,-3.04,-4.90,1209.91,
2025-04-03 18:27:00,NVIDIA CORP,US67066G1040,NDQ,MEMX,18.00,103.40,-1685.73,-4.21,-2.00,-1687.73,ce1bc16b-cf3a-4758-a7ba-127a1413d4bf
2025-04-04 19:48:00,NVIDIA CORP,US67066G1040,NDQ,BATS,-18.00,95.00,1561.51,-3.90,-2.00,1559.51,2d6c1c99-2d7b-4f42-98a5-5d51d3d747c1
2025-04-07 16:36:00,NVIDIA CORP,US67066G1040,NDQ,XNYS,19.00,93.00,-1614.15,-4.04,-2.00,-1616.15,ffebeb77-98cc-4857-9ae9-34f7be270a23
2025-04-09 19:34:00,NVIDIA CORP,US67066G1040,NDQ,XNYS,-18.00,109.00,1787.55,-4.47,-2.00,1785.55,6d9a676f-7412-47fe-be40-adf7aeb6efd0
2025-04-09 20:37:00,NVIDIA CORP,US67066G1040,NDQ,BATS,-1.00,112.00,102.19,-0.26,-2.00,100.19,d0110b67-ae6a-4c38-bc5a-c602812a8b11
2025-10-09 20:41:00,NVIDIA CORP,US67066G1040,NDQ,XNAS,3.00,192.30,-499.27,-1.25,-2.00,-501.27,7ca274e4-99f1-45dc-9034-b76cd3ab9d1f
2025-10-10 17:23:00,NVIDIA CORP,US67066G1040,NDQ,XNAS,7.00,189.30,-1140.47,-2.85,-2.00,-1142.47,4b5f3f7d-e6fb-41f5-bbd6-4f8682005c79
2025-11-11 15:38:00,NVIDIA CORP,US67066G1040,NDQ,JNST,5.00,194.67,-838.88,-2.10,-2.00,-840.88,
2025-02-20 09:09:00,PARROT SA,FR0004038263,EPA,XPAR,366.00,4.93,-1804.38,0.00,,-1804.38,f025cd39-0f2e-48ca-a716-d95c2c5a49de
2025-02-20 09:09:00,PARROT SA,FR0004038263,EPA,XPAR,34.00,4.93,-167.62,0.00,-4.90,-172.52,f025cd39-0f2e-48ca-a716-d95c2c5a49de
2025-03-04 13:28:00,PARROT SA,FR0004038263,EPA,XPAR,-357.00,5.36,1913.52,0.00,-4.90,1908.62,9a512ea9-5000-4c38-9751-076c789c24ee
2025-03-04 13:30:00,PARROT SA,FR0004038263,EPA,XPAR,-43.00,5.36,230.48,0.00,,230.48,9a512ea9-5000-4c38-9751-076c789c24ee
2025-07-15 09:00:00,PARROT SA,FR0004038263,EPA,XPAR,100.00,10.50,-1050.00,0.00,-4.90,-1054.90,94377df6-c692-4135-9e49-efde90718311
2025-07-17 15:44:00,PARROT SA,FR0004038263,EPA,XPAR,-100.00,11.95,1195.00,0.00,-4.90,1190.10,59228ccc-0309-4af6-a2f1-a57ecdab3c67
2025-05-02 13:46:00,PLATZER FASTIGHETER HOLDING AB (PUBL) CLASS B,SE0004977692,OMX,XSTO,39.00,77.50,-276.37,-0.69,-4.90,-281.27,1e70902e-59ca-40e5-910f-652db9846293
2025-05-02 13:50:00,PLATZER FASTIGHETER HOLDING AB (PUBL) CLASS B,SE0004977692,OMX,XSTO,3.00,77.50,-21.25,-0.05,,-21.25,1e70902e-59ca-40e5-910f-652db9846293
2025-05-02 14:42:00,PLATZER FASTIGHETER HOLDING AB (PUBL) CLASS B,SE0004977692,OMX,MESI,75.00,77.50,-531.06,-1.33,,-531.06,1e70902e-59ca-40e5-910f-652db9846293
2025-05-02 14:42:00,PLATZER FASTIGHETER HOLDING AB (PUBL) CLASS B,SE0004977692,OMX,XSTO,33.00,77.50,-233.67,-0.58,,-233.67,1e70902e-59ca-40e5-910f-652db9846293
2025-06-26 11:51:00,PLATZER FASTIGHETER HOLDING AB (PUBL) CLASS B,SE0004977692,OMX,XSTO,50.00,80.70,-364.13,-0.91,-4.90,-369.03,8ef17804-0f41-4e92-bab7-ddb886a15d3e
2025-06-26 11:57:00,PLATZER FASTIGHETER HOLDING AB (PUBL) CLASS B,SE0004977692,OMX,XSTO,11.00,80.70,-80.11,-0.20,,-80.11,8ef17804-0f41-4e92-bab7-ddb886a15d3e
2025-06-26 11:59:00,PLATZER FASTIGHETER HOLDING AB (PUBL) CLASS B,SE0004977692,OMX,MESI,70.00,80.70,-509.86,-1.27,,-509.86,8ef17804-0f41-4e92-bab7-ddb886a15d3e
2025-06-26 11:59:00,PLATZER FASTIGHETER HOLDING AB (PUBL) CLASS B,SE0004977692,OMX,XSTO,9.00,80.70,-65.55,-0.16,,-65.55,8ef17804-0f41-4e92-bab7-ddb886a15d3e
2025-10-10 09:14:00,PLATZER FASTIGHETER HOLDING AB (PUBL) CLASS B,SE0004977692,OMX,MESI,-75.00,71.10,483.61,-1.21,,483.61,919edd03-e56b-420d-8f8f-130077b61c8d
2025-10-10 09:14:00,PLATZER FASTIGHETER HOLDING AB (PUBL) CLASS B,SE0004977692,OMX,XSTO,-75.00,71.10,483.61,-1.21,-4.90,478.71,919edd03-e56b-420d-8f8f-130077b61c8d
2025-10-14 10:12:00,PLATZER FASTIGHETER HOLDING AB (PUBL) CLASS B,SE0004977692,OMX,MESI,100.00,75.60,-686.64,-1.72,-4.90,-691.54,4ec92d26-7df3-4434-89f3-98b5921652d1
2025-08-14 12:50:00,PLS GROUP LTD,AU000000PLS0,TDG,XGAT,1300.00,1.21,-1573.26,0.00,-3.90,-1577.16,590b3f5e-d6f8-4456-aa4a-cfaad09296ff
2025-08-27 15:54:00,PLS GROUP LTD,AU000000PLS0,TDG,XGAT,-1300.00,1.29,1677.00,0.00,-3.90,1673.10,6eecc725-e548-4017-85ab-b4860dfe77c1
2025-10-10 10:29:00,PLS GROUP LTD,AU000000PLS0,TDG,XGAT,1000.00,1.49,-1488.20,0.00,-3.90,-1492.10,c4ab5543-9f0f-43d5-9685-71bd53999290
2025-10-17 12:40:00,PLS GROUP LTD,AU000000PLS0,TDG,XGAT,-1000.00,1.38,1380.00,0.00,-3.90,1376.10,1a612a5b-a447-4b9e-bd7d-1bf2673d6d0d
2025-04-10 09:07:00,RHEINMETALL AG,DE0007030009,TDG,XGAT,1.00,1367.00,-1367.00,0.00,-3.90,-1370.90,2c9b9c0c-f8a5-447d-bca9-e21f3d09a681
2025-04-30 13:54:00,RHEINMETALL AG,DE0007030009,TDG,XGAT,-1.00,1480.00,1480.00,0.00,-3.90,1476.10,93fe9ae6-f769-41af-98ee-8d988fd19a98
2025-05-23 09:05:00,RHEINMETALL AG,DE0007030009,TDG,XGAT,1.00,1771.00,-1771.00,0.00,-3.90,-1774.90,55d1d846-3830-467b-8a14-eaa85e2912e4
2025-06-24 11:21:00,RHEINMETALL AG,DE0007030009,TDG,XGAT,-1.00,1730.00,1730.00,0.00,-3.90,1726.10,baad2430-aeee-4157-b300-57d9c01cd766
2025-08-29 12:01:00,ROLLS-ROYCE HOLDINGS PLC,GB00B63H8491,LSE,MESI,95.00,1076.00,-1178.61,-2.95,-4.90,-1183.51,15c36b24-4e0a-4e69-97c6-d9dac1d2a225
2025-11-04 13:50:00,ROLLS-ROYCE HOLDINGS PLC,GB00B63H8491,LSE,MESI,-47.00,1143.00,611.02,-1.53,,611.02,ec860c54-099b-4514-82e6-dc7e8e046473
2025-11-04 13:50:00,ROLLS-ROYCE HOLDINGS PLC,GB00B63H8491,LSE,XLON,-48.00,1143.00,624.02,-1.56,-4.90,619.12,ec860c54-099b-4514-82e6-dc7e8e046473
2025-12-17 15:04:00,ROLLS-ROYCE HOLDINGS PLC,GB00B63H8491,LSE,XLON,70.00,1124.50,-896.22,-2.24,-4.90,-901.12,
2025-04-09 19:38:00,S&P GLOBAL INC,US78409V1044,NSY,XNAS,4.00,462.11,-1683.16,-4.21,-2.00,-1685.16,97c9d0b4-081c-455b-8faf-f8dcb0658304
2025-04-09 20:24:00,S&P GLOBAL INC,US78409V1044,NSY,XNAS,-4.00,465.00,1700.04,-4.25,-2.00,1698.04,d49942e5-a66e-440b-89fc-291c230a2654
2025-10-13 09:23:00,SAAB AB CLASS B,SE0021921269,OMX,TOWR,14.00,514.90,-652.59,-1.63,-4.90,-657.49,ee1f9956-68fd-4119-9550-b72bff7365ca
2025-10-15 12:53:00,SAAB AB CLASS B,SE0021921269,OMX,XSTO,-14.00,494.00,627.37,-1.57,-4.90,622.47,306f3756-9c6e-407c-a7e2-8796881cdd8b
2025-07-18 11:59:00,SOLARIA ENERGIA Y MEDIO AMBIENTE SA,ES0165386014,MAD,MESI,75.00,10.55,-791.25,0.00,,-791.25,f2969ec9-4dff-4948-b579-8455f732e2bd
2025-07-18 11:59:00,SOLARIA ENERGIA Y MEDIO AMBIENTE SA,ES0165386014,MAD,XMAD,75.00,10.55,-791.25,0.00,-4.90,-796.15,f2969ec9-4dff-4948-b579-8455f732e2bd
2025-08-18 09:20:00,SOLARIA ENERGIA Y MEDIO AMBIENTE SA,ES0165386014,MAD,MESI,-75.00,12.40,930.38,0.00,,930.38,092f0aa0-f128-4af4-af3c-dff6d64519eb
2025-08-18 09:20:00,SOLARIA ENERGIA Y MEDIO AMBIENTE SA,ES0165386014,MAD,XMAD,-75.00,12.40,930.38,0.00,-4.90,925.48,092f0aa0-f128-4af4-af3c-dff6d64519eb
2025-01-06 00:00:00,SONO GROUP NV,NL0015000N74,OTC,,-1000.00,0.10,91.97,0.00,,91.97,
2025-01-06 00:00:00,SONO GROUP NV,NL0015002AM0,OTC,,13.00,7.13,-89.67,0.00,,-89.67,
2025-09-10 13:41:00,SONO GROUP NV,NL0015002AM0,NDQ,,13.00,8.79,-97.38,0.00,,-97.38,
2025-09-10 13:41:00,SONO GROUP NV,NL0015002AM0,OTC,,-13.00,8.79,97.38,0.00,,97.38,
2025-10-10 16:19:00,SONO GROUP NV,NL0015002AM0,NDQ,ARCX,-10.00,9.00,77.80,-0.19,,77.80,b3069feb-68cc-414f-8559-9088e31bd298
2025-10-10 16:19:00,SONO GROUP NV,NL0015002AM0,NDQ,ARCX,-3.00,9.00,23.34,-0.06,-2.00,21.34,b3069feb-68cc-414f-8559-9088e31bd298
2025-03-14 09:58:00,SSAB AB CLASS A,SE0000171100,OMX,MESI,160.00,68.90,-996.87,-2.49,-4.90,-1001.77,7185ffc0-893a-4c7c-87a5-b3beda002b45
2025-03-28 11:39:00,SSAB AB CLASS A,SE0000171100,OMX,XSTO,-160.00,65.00,960.04,-2.40,-4.90,955.14,fd08747a-fbb9-4bf3-b5f5-86840e8177ad
2025-09-16 12:01:00,SSAB AB CLASS A,SE0000171100,OMX,XSTO,11.00,54.70,-55.02,-0.14,,-55.02,c324892a-48fc-4e95-bfd2-4830876e1591
2025-09-16 12:01:00,SSAB AB CLASS A,SE0000171100,OMX,XSTO,2.00,54.70,-10.00,-0.03,,-10.00,c324892a-48fc-4e95-bfd2-4830876e1591
2025-09-16 12:01:00,SSAB AB CLASS A,SE0000171100,OMX,XSTO,187.00,54.70,-935.43,-2.34,-4.90,-940.33,c324892a-48fc-4e95-bfd2-4830876e1591
2025-10-14 13:16:00,SSAB AB CLASS A,SE0000171100,OMX,MESI,-100.00,61.00,552.76,-1.38,,552.76,787b8f25-c79b-43d5-a824-0e25bd968282
2025-10-14 13:16:00,SSAB AB CLASS A,SE0000171100,OMX,XSTO,-100.00,61.00,552.76,-1.38,-4.90,547.86,787b8f25-c79b-43d5-a824-0e25bd968282
2025-04-07 11:46:00,STOLT-NIELSEN LTD,BMG850801025,OSL,MESI,85.00,206.00,-1465.97,-3.66,-4.90,-1470.87,acd16e59-e4d5-4354-afce-537f33597607
2025-05-13 15:37:00,STOLT-NIELSEN LTD,BMG850801025,OSL,MESI,-42.00,252.50,915.25,-2.29,,915.25,5276f302-511f-41b0-875e-54b36737e2f6
2025-05-13 15:37:00,STOLT-NIELSEN LTD,BMG850801025,OSL,XOSL,-43.00,252.50,937.05,-2.34,-4.90,932.15,5276f302-511f-41b0-875e-54b36737e2f6
2025-05-14 09:20:00,STOLT-NIELSEN LTD,BMG850801025,OSL,MESI,30.00,258.00,-668.57,-1.67,,-668.57,8e2993aa-61c2-4177-b04e-2b7e6fa3914e
2025-05-14 09:20:00,STOLT-NIELSEN LTD,BMG850801025,OSL,XOSL,30.00,258.00,-668.57,-1.67,-4.90,-673.47,8e2993aa-61c2-4177-b04e-2b7e6fa3914e
2025-07-11 11:10:00,STOLT-NIELSEN LTD,BMG850801025,OSL,MESI,-30.00,298.00,755.40,-1.89,,755.40,f9a81193-a26e-41cf-a8b9-eadff54e1403
2025-07-11 11:10:00,STOLT-NIELSEN LTD,BMG850801025,OSL,XOSL,-30.00,298.00,755.40,-1.89,-4.90,750.50,f9a81193-a26e-41cf-a8b9-eadff54e1403
2025-07-28 13:30:00,STOLT-NIELSEN LTD,BMG850801025,OSL,MESI,17.00,308.00,-440.88,-1.10,,-440.88,d2c0af2a-9033-433b-8f53-79083b1e5a4d
2025-07-28 13:30:00,STOLT-NIELSEN LTD,BMG850801025,OSL,XOSL,18.00,308.00,-466.82,-1.17,-4.90,-471.72,d2c0af2a-9033-433b-8f53-79083b1e5a4d
2025-03-06 09:05:00,THALES SA,FR0000121329,EPA,XPAR,4.00,254.00,-1016.00,0.00,-4.90,-1020.90,de404df2-275d-45e3-a759-5fb0b04cc292
2025-03-14 09:30:00,THALES SA,FR0000121329,EPA,XPAR,-4.00,243.00,972.00,0.00,-4.90,967.10,99d8a076-59cb-4da5-b482-6668b0ee49bc
2025-02-25 15:44:00,TUI AG,DE000TUAG505,TDG,XGAT,180.00,7.02,-1263.60,0.00,-3.90,-1267.50,330c21f6-b768-4a3a-8771-3f53c65af8e3
2025-07-18 15:17:00,TUI AG,DE000TUAG505,TDG,XGAT,-180.00,7.82,1407.60,0.00,-3.90,1403.70,cd2552e1-128f-49a2-8761-daa476031dd0
2025-10-21 10:07:00,VANGUARD FTSE ALL-WORLD UCITS - (USD) ACCUMULATING ETF,IE00BK5BQT80,XET,XETA,6.00,142.84,-857.04,0.00,-3.00,-860.04,ae34e2b7-bc12-4819-82b7-971c7ea12510
2025-12-16 11:39:00,VANGUARD FTSE ALL-WORLD UCITS - (USD) ACCUMULATING ETF,IE00BK5BQT80,XET,XETA,-6.00,142.92,857.52,0.00,-3.00,854.52,
2025-11-04 15:30:00,VERICEL CORP,US92346J1088,NDQ,XNAS,45.00,36.25,-1421.08,-3.55,-2.00,-1423.08,327a839d-0dba-4513-a9c1-e0a5ffa9d113
2025-03-13 10:42:00,VESTAS WIND SYSTEMS A/S,DK0061539921,OMK,MESI,47.00,104.30,-657.18,-1.64,,-657.18,fdb25613-29a5-4e28-ad17-7fdec2d0efe3
2025-03-13 10:42:00,VESTAS WIND SYSTEMS A/S,DK0061539921,OMK,XCSE,48.00,104.30,-671.17,-1.68,-4.90,-676.07,fdb25613-29a5-4e28-ad17-7fdec2d0efe3
2025-07-28 09:00:00,VESTAS WIND SYSTEMS A/S,DK0061539921,OMK,XCSE,-95.00,127.50,1622.86,-4.06,-4.90,1617.96,cdac18f3-c40a-4691-baf1-274ab554ff9b
2025-07-28 09:17:00,VESTAS WIND SYSTEMS A/S,DK0061539921,OMK,MESI,100.00,126.75,-1698.25,-4.25,-4.90,-1703.15,3f2f353c-349f-4416-875c-cb478a231eb1
2025-11-04 11:21:00,VESTAS WIND SYSTEMS A/S,DK0061539921,OMK,XCSE,-100.00,131.50,1761.40,-4.40,-4.90,1756.50,5f836487-6d13-41a3-99f6-7004d22452c7
